driver_id,total_fare,avg_distance
76,42.72,9.23
44,81.9,26.95
86,99.16,19.81
73,132.67,5.38
1,203.81,30.875
43,62.87,16.395
72,59.14,25.92
89,108.73,14.52
52,54.45,25.75
93,83.72,12.15
21,88.93,38.65
95,158.63,24.779999999999998
55,146.25,42.73
60,275.59000000000003,31.854999999999997
3,138.55,17.46
99,103.38,15.32
47,177.0,13.32
17,105.14,33.07
69,26.78,2.75
15,201.13,38.85
46,5.32,3.04
39,41.23,12.61
91,96.99,24.45
51,33.39,16.18
30,186.56,24.22
82,64.29,36.97
88,30.4,21.91
