driver_id,total_fare,avg_distance
76,42.72,9.23
44,81.9,26.95
73,132.67,5.38
1,111.88,41.46
43,62.87,16.395
89,108.73,14.52
52,54.45,25.75
21,88.93,38.65
55,146.25,42.73
60,275.59000000000003,31.854999999999997
99,103.38,15.32
47,177.0,13.32
17,105.14,33.07
69,26.78,2.75
91,96.99,24.45
51,33.39,16.18
30,50.32,37.16
15,119.63,33.82
46,5.32,3.04
39,41.23,12.61
82,64.29,36.97
88,30.4,21.91
